id,name
1,青岛虹桥之光文化传媒有限公司
2,甘肃恒瑞永继医药管理有限公司
3,昆山立基达电子科技有限公司
4,广州华用信息科技有限公司
5,扬州森源伟业废臭气净化设备制造有限公司
6,北京坤兄艮弟商贸有限责任公司
7,上海博璨国际贸易有限公司
8,望奎城市投资发展有限公司
9,浩远杯业（永康市）有限公司
10,澎易（上海）贸易有限公司
11,贵州一树大家康健药房连锁有限公司兴义市体育公园分店
12,赣州正阳生态科技有限公司
13,天津滨海农村商业银行股份有限公司中塘支行
14,吉林省华远进出口贸易有限公司
15,天津亚鸣文化传媒有限公司
16,弈博中天（北京）科技发展有限公司
17,诸暨佳鑫开源会计代理有限公司
18,南京汪不乖贸易有限公司
19,广州市创昕企业管理有限公司
20,贵州用友云科技有限公司
21,东莞市荣谷真空镀膜科技有限公司
22,葫芦岛农村商业银行股份有限公司滨城支行
23,南京文易科技有限公司
24,维盛供应链管理（苏州）有限公司
25,瑞幸咖啡（重庆）有限公司南岸区弹子石二店
26,广州孔雀缘贸易有限公司
27,绵阳皮克布克文化传播有限公司
28,保定市博地旅游开发有限公司
29,青岛阿蒙木业有限公司
30,深圳市龙城建设监理有限公司广州分公司
31,大家财产保险有限责任公司佳木斯中心支公司汤原营销服务部
32,广东鸿基伟业科技工程有限公司
33,佛山市明澄餐饮有限公司
34,厦门宏泰拓达信息技术咨询服务有限公司
35,郴州市寐洁贸易有限公司
36,大连西木家具有限公司
37,唐山安道科技有限公司
38,鄂州新市民公共汽车客运有限公司
39,深圳市华迪森科技有限公司
40,沈阳鼎旭源商贸有限公司
41,国网河南省电力公司超高压公司
42,张家港和运贸易有限公司
43,海南央美文化科技有限公司
44,绍兴市卓源纺织品有限公司
45,广州新羚睿贸易有限公司
46,慈利县万婴宝家政服务有限责任公司
47,山东奇创智能科技有限公司
48,杭州华生堂大药房有限公司长江小区分店
49,合肥宝为企业策划有限公司
50,百年人寿保险股份有限公司福州鼓楼支公司
51,山东凯岳生物技术有限公司
52,深圳市晟通兴电子有限公司
53,安徽新橙企业管理有限公司马鞍山分公司
54,呷哺呷哺餐饮管理有限公司宝鸡第三分店
55,广州卓禧医药科技有限公司
56,深圳市优云健康管理科技有限公司
57,共和亚卓装饰装潢有限责任公司
58,山东佑所建筑装饰工程有限公司
59,中山市德亿金品厨卫有限公司
60,厦门蓝海飞翔汽车租赁服务有限公司
61,佛山市顺德思炫电子有限公司
62,上海卓行国际货运代理有限公司
63,青海互助青唐城青稞酒酿造有限公司
64,福州佐悦文化传播有限公司
65,瑞安市益众堂大药房有限公司
66,山西华云智能科技发展有限公司
67,营口盛丰化工有限公司
68,昌荣传媒股份有限公司上海分公司
69,天全县汽车站有限责任公司
70,海口委业物业服务有限公司
71,新疆天一尊品建筑装饰设计工程有限公司
72,朔州市龙飞扬劳务派遣有限公司
73,北京中耕耘佑餐饮管理有限公司
74,临汾山水水泥有限公司
75,寿光市鼎昌经贸有限公司
76,北京天宸明宇科技有限公司
77,上海芯喜企业管理有限公司
78,中山市澳力装饰工程有限公司
79,广州怡欣园艺有限公司
80,鸡西市路驰二手车销售有限公司
81,杭州萧山钱浪实业有限公司
82,西安市安馨园房地产集团有限公司
83,深圳市洋洋源贸易有限公司
84,中海橡树（山东）科技服务有限公司
85,深圳市德飞投资发展有限公司
86,韶关市城监项目管理有限公司
87,深圳市学趣坂田科技有限公司
88,成都清启源环保科技有限公司
89,广西百色东大贸易有限公司综合楼分公司
90,国福联合控股有限公司
91,广州市丰雷视讯电子科技有限公司
92,瑞安市莱泰机车部件有限公司
93,益丰大药房连锁股份有限公司醴陵市醴泉路分店
94,佛山市南海区西樵恒丽建材厂
95,广西容县弘德食品配送有限公司
96,广州顺合包装制品有限公司
97,习水县律动乐器坊培训学校有限公司
98,淄博齐林电力工程有限公司开发区分公司
99,合肥新弘扬企业管理服务有限公司
100,北京建筑工业印刷厂分厂
101,普宁市正同仁大药房
102,上海幸来塑业有限公司
103,什邡市多金贸易有限责任公司
104,宁波蔚霖医疗器械有限公司
105,泉州汉至物流有限公司
106,福州市仓山区华居宾馆浦上分店
107,天津禾稼欢商贸有限公司
108,扬州潇洒走一回旅行社有限公司汶河路营业部
109,上海迪尚酒店管理有限公司
110,佛山市晨行宝贸易有限公司
111,北京精诚至信财税顾问有限责任公司
112,温州市飞鸿航空运输服务有限公司
113,海南省翰风方世传媒有限公司
114,忻城县乐乐园校外托管服务有限公司
115,郑州志磊物资有限公司
116,安徽轩弈建设工程有限公司
117,山东众联人力资源有限公司
118,四川省苍溪红猕王绿色果专业合作社
119,国药控股国大药房山西益源连锁有限公司剪子湾二店
120,上海聪盈商贸有限公司
121,北京斌达伟业国际建筑工程有限公司
122,宁夏畅安物流运输有限公司
123,中山市迈雅装饰装修有限责任公司
124,中山市成亿供应链管理有限公司
125,重庆诺童教育科技有限公司
126,绍兴来茵河广告传媒有限公司
127,上海丹特尔医疗科技发展（集团）有限公司
128,烟台开发区鑫盛电缆材料有限公司
129,合肥岩矶建材有限公司
130,郑州凯干信息科技有限公司
131,杭州秀儿文化传媒有限公司
132,老百姓大药房连锁（山东）有限公司济南经五纬一店
133,西安工大正禾物业服务有限公司
134,北京艾其电气有限公司
135,贵州省兴黔宏智人才大市场有限公司黔西南州分公司
136,微山县运输公司第二货运站
137,四川寰宇网影文化传播有限公司
138,河南欧鹏通信技术有限公司
139,北京德丰楼餐饮管理中心
140,乐山市安楠农业种植中心
141,湖北隆泰达塑业有限公司
142,陕西乔辰实业有限公司
143,广州和胜品鸡坊餐饮管理有限公司普宁第一分店
144,成都奎绪类电子商务有限公司
145,天津金美润食品有限公司
146,贵阳兴华模具电器有限公司
147,深圳市精诚盛装饰设计工程有限公司
148,广东优联智作科技有限公司
149,陕西诚鑫消防科技有限公司
150,北京恒初创业投资管理有限公司
151,潍坊晟华新能源科技有限公司
152,西藏道临信息科技有限公司北京分公司
153,广东奥普特科技股份有限公司
154,海南热联贸易有限公司
155,上海美冰芬食品有限公司
156,南宁和顺汽车销售有限公司
157,昆山瑞康金属制品有限公司
158,云南奥语爆破振动检测有限公司
159,嘉善铁锚塑料五金厂
160,广东信富建材贸易有限公司
161,霍尔果斯太合数娱文化发展有限公司
162,宁波紫气服装有限公司
163,昆山群威精密科技有限公司
164,盘锦富兴米业有限公司
165,广东中成建筑劳务有限公司
166,江苏础源贸易有限公司
167,行唐县金土地农机服务专业合作社
168,上海向拓物联网科技有限公司
169,苏州超伦泰包装器材有限公司
170,玉林市铂利汽车销售服务有限公司
171,石嘴山市大武口区尔特教育培训有限公司
172,上海清彩保洁服务经营部
173,杭州康隆建设机械有限公司
174,潞城市金力达金属材料有限公司
175,青岛沃尔德国际货运代理有限公司
176,莲花县兰永王贸易有限公司
177,河北北尤生态科技有限公司
178,惠州市富升包装科技有限公司
179,海安聚祥商贸有限公司
180,常州市西崦气体供应站
181,广州恒奥物业管理有限公司惠州分公司
182,海口振源商贸有限公司
183,泸州柒泉湘尚酒类销售有限公司
184,上海恒爱筑酒店管理有限公司
185,江阴市龙和重型机械有限公司
186,福建鑫瑞源水产养殖有限公司
187,佛山市一竹电子商务有限公司
188,义乌市书华进出口有限公司
189,霍城鼎顺房地产开发有限公司
190,成都广佳房地产开发有限公司
191,上海望雪文化传播有限公司
192,驻马店市红艺餐饮服务有限公司
193,江西华媒文化传媒有限公司
194,涟水县张小玉商务信息咨询服务部
195,辽宁国茂物业管理有限公司
196,苏州辰鹰服装辅料有限公司
197,苏州市琳丽工艺品有限公司
198,佛山农村商业银行股份有限公司华艺支行
199,上海捷信电子科技有限公司
200,厦门亚逊有限公司
201,索贝运维数码科技（北京）有限公司
202,江苏蓝航环境管理有限公司
203,福建省账捷达网络科技有限公司
204,上海金闻体育文化发展有限公司
205,山东吉邦建筑工程有限公司
206,同庆楼餐饮股份有限公司花园店
207,常州峰之烨服饰有限公司
208,黑龙江实德物业管理服务有限公司
209,内蒙古仪达机动车鉴定评估服务中心（普通合伙）
210,南宫市润扬化纤有限公司
211,上海千人寻信息科技有限公司
212,云南健铭医药有限公司
213,安徽科信表面处理技术有限公司
214,深圳云逐科技有限公司
215,宁远县顺通校车服务有限公司
216,上海小杰国际物流有限公司
217,温州市博合塑胶有限公司
218,郑州人马线健康管理有限公司
219,南京大友货架制造有限公司
220,天津市雅居美装饰有限公司
221,富锦市生源农业科技有限公司
222,佛山市顺德区乐从镇兆强钢铁贸易有限公司
223,上海千格文化创意有限公司
224,厦门深端科技有限公司
225,齐河县华龙纸业有限公司
226,珠海市喜发建筑工程有限公司
227,安徽捷瑞企业管理咨询有限公司
228,上海特优倍新材料有限公司
229,江苏利斯特液压科技有限公司
230,深圳市源兴旺包装有限公司
231,广州满秋食品有限公司
232,文山州技工学校机动车驾驶培训站
233,韶关市乾昭建材有限公司
234,浙江祥通汽车有限公司湖州分公司
235,深圳市兴永昌实业有限公司
236,中建龙耀建设工程有限公司
237,苏州市名思教育咨询有限公司经开分公司
238,重庆欣福源医药有限公司
239,杭州欣芙嘉生物科技开发有限公司
240,九亿焦点（北京）科技文化有限公司
241,座头鲸国际旅行社（北京）有限公司
242,宁波市锦源宏日用品有限公司
243,深圳市搜了网络科技股份有限公司
244,福建进盈贸易有限公司
245,济南奥创纪元电子商务有限公司
246,汕尾市小状元乐园发展有限公司
247,江苏来呀来人力资源有限公司
248,成都泛利科技有限公司
249,西安流行磁场商贸有限公司
250,调兵山市海上工程服务有限公司
251,浙商证券股份有限公司仙居环城南路证券营业部
252,沙市区建源农贸市场管理服务部
253,海门市南源纸箱厂（普通合伙）
254,佛山市安德森信医疗器械有限公司
255,西安双子煜商贸有限公司
256,北京时代朝阳数据库技术中心
257,宁波台隍机电设备有限公司
258,上海安教实业有限公司
259,青岛润泽热处理有限公司
260,成都市蓉珍珠宝有限公司
261,佛山市聚贤者文化传播有限公司
262,肇庆市迅付通网络技术有限公司
263,北京润合通泰贸易有限公司
264,无锡菲斯克外企服务有限公司江阴分公司
265,湖南新致程建材有限公司
266,国盛证券有限责任公司太原桃园南路证券营业部
267,上海浦兴电子商务有限公司
268,成都康宁光缆有限公司北京分公司
269,澜湄海外航空控股（广州）有限公司
270,赤峰市鹏富商贸有限公司
271,长兴新浦电子有限公司
272,保定博盾保安服务有限公司
273,湖南中魁供应链服务有限公司
274,上海容润食品有限公司
275,焦作创博建筑工程有限公司
276,新乡市卫滨区清水缘网吧
277,东莞市信力电子科技有限公司
278,中山天俊丰电器科技有限公司
279,佛山市南海鸿泰昌商贸有限公司
280,沈阳市绿洲净化消声设备厂
281,上海浩香餐饮管理有限公司
282,佛山市南海里水盘硕鞋业有限公司
283,重庆富汇昇代理记账有限公司
284,南门故事（北京）餐饮管理有限公司
285,惠州市雄润科技有限公司
286,重庆兴利工程监理有限公司
287,江苏颐东建设工程有限公司
288,乐山市众晟汽车销售服务有限公司
289,苏州万德福尔镭射激光科技有限公司
290,上海艾德力信息科技有限公司
291,大连市东北人力资源服务中心有限公司
292,江西浙商联盟建材家居商贸城有限公司
293,上海仕珏动漫设计有限公司
294,六安宏驰汽车服务有限公司
295,西安乙卓园林景观有限公司
296,四川贝鲜食品有限公司
297,绥棱县科田机械制造有限公司
298,江油市勇拓源商贸有限责任公司
299,东莞市诚惠新材料科技有限公司
300,河北垚钰消防科技有限公司
301,宁波古雷新材料有限公司
302,青岛帮帮菜供应链科技有限公司
303,南京成浩物资有限公司
304,重庆融汇温泉产业发展有限公司上泉坊酒店
305,昌吉市泽西建筑安装有限公司
306,滁州市诚祥塑料制品厂
307,上海盎鲁赫恩建设科技有限公司
308,天津市盛锡福鞋帽有限公司
309,福州国荣联合商贸有限公司
310,中山市古镇激速网吧
311,昌图县农村信用合作联社马仲河信用社
312,上海静享生物科技有限公司
313,惠民县协和旅游开发有限责任公司
314,苏州茗湖绿化有限公司
315,南京温格萨帕暖通科技有限公司
316,广西星源鸿旺商贸有限公司
317,华道数据处理（苏州）有限公司天津分公司
318,深圳市亿路照明技术有限公司中山分公司
319,四川天健首创生物科技有限公司
320,东莞市征途旅游文化传播有限公司
321,中国移动通信集团山西有限公司汾阳市汾府太和营销区域中心
322,宜昌芃楚商贸有限公司
323,陕西鑫江平建筑工程有限公司
324,乡宁县仁柱核桃专业合作社
325,牡丹江市富通道桥建设维养有限责任公司
326,南昌恒佑房地产营销策划有限公司
327,成都金尚德模具技术开发有限公司
328,内蒙古同源工程项目管理有限责任公司
329,佛山市正的烘焙用具有限公司
330,成都麦田餐饮娱乐有限公司
331,广州不寻常国际旅行社有限公司
332,杭州富阳金泉废料经营有限公司
333,安徽国胜大药房连锁有限公司万科森林五店
334,宁波鑫昂建筑有限公司
335,太仓晨颐食品科技有限公司
336,苏州兰鼎企业管理咨询有限公司
337,白沙茂源水电开发有限公司
338,湖南巴丘建设工程有限公司
339,吴少文化传媒（上海）有限公司
340,上海嘉珀勒商贸有限公司
341,北京华丰嘉润商贸有限公司
342,福州万盛新型材料有限公司
343,苏州唐和环保科技有限公司
344,甘肃山丹三龙酒业有限责任公司
345,厦门市凯琦机械有限公司
346,吉林省吉融商业保理有限公司
347,舟山市和兴船务有限公司第八分公司
348,巴中市德丰源酒店有限公司
349,东方恒科（北京）科技有限公司
350,望奎县牧康兽药店
351,东莞市汇霆汽车租赁有限公司
352,镇江常力汽车销售服务有限公司
353,海宁鸿庆置业有限公司
354,双全堂（广州）文化艺术有限公司
355,深圳市火鸟物流有限公司
356,中城科泽工程设计集团有限责任公司富阳分公司
357,四川金石拍卖有限责任公司
358,湖北世阳快运有限公司天门市西湖路营业部
359,大连中油海外化工有限公司
360,广西德隆禽业有限责任公司
361,安庆市自仪机电设备制造有限责任公司
362,青岛金宏发达汽车配件有限公司
363,深圳市鑫恒利石材有限公司
364,金堂县赵镇同庆丰药房
365,苏州华满电子科技有限公司
366,红花（北京）餐饮管理有限公司
367,东莞市享泓物业管理有限公司
368,南京电气高压互感器有限公司
369,恩施州康世纪健康科技有限公司
370,卡尔丹顿服饰股份有限公司泸州分公司
371,韶关市汉林药业有限责任公司
372,昆山市海绵之心环境工程有限公司
373,江苏百胜医疗技术有限公司
374,宁海县日腾机械厂
375,深圳市万福通电子有限公司
376,北京医通康诺生物科技有限公司
377,阿克苏市托万克喀勒喀勒灌溉用水农民专业合作社
378,峨眉山首嘉健康管理有限公司
379,广东昌顺建筑工程有限公司
380,上海榉刊设计咨询工作室
381,内丘县年年旺种植专业合作社
382,广州百康源医疗科技有限公司
383,湖北钜维安防科技有限公司
384,杭州书轩物流信息咨询有限公司
385,霍邱县羽翔禽业发展有限公司
386,太平财产保险有限公司淄博中心支公司
387,广州闽业电子有限责任公司
388,中国邮政储蓄银行股份有限公司汉中市南郑区大河坎营业所
389,上海奇洛国际贸易有限公司
390,江苏领翰智能激光科技有限公司
391,芜湖融创投资发展有限公司
392,长治市潞城区姿彩农业科技开发有限公司
393,四川凡成大方科技有限公司
394,深圳市广纳中央空调设备交易中心
395,北京众奥德科技发展有限公司
396,江苏鑫雄建设有限公司
397,石狮市森和医药有限公司延平分店
398,深圳市致祥科技有限公司
399,江西奇凤科技有限公司
400,佛山市扬康贸易有限公司
401,中山市迪辉包装印刷有限公司
402,西安两山生态环境咨询有限公司
403,合肥药缘大药房有限公司
404,宿松县满口香电子商务有限公司
405,上海唯米知识产权代理有限公司
406,西安万航多式联运有限公司
407,河南金财建筑工程有限公司郑州分公司
408,江苏凯洲信息科技有限公司
409,化州人盟商业服务有限公司
410,邳州市薛集供销社
411,张家港市易达塑料制品厂
412,上海三眼针文化传播有限公司
413,广东皓鑫物流供应链管理有限公司
414,天津盟森国际贸易有限公司
415,浙江金山道路设施有限公司
416,东营华凌置业有限公司
417,宿迁市乾晟电子商务有限公司
418,喀左博翔选矿厂
419,滁州市喆兰家居用品有限公司
420,沈阳凌通智联钢铁贸易有限公司
421,重庆心光文化艺术有限责任公司
422,重庆睿铭企业管理咨询有限公司
423,武汉磐石建设项目管理有限公司
424,福建酷捷商贸有限公司
425,惠州市炫煌实业有限公司
426,西安奥翔至享商贸有限公司
427,杭州广泰机械设备有限公司
428,佛山市中乾工程咨询有限公司
429,深圳市琪兴贸易有限公司
430,延吉市筑诚建材有限公司
431,嵩县欢乐园网吧
432,烟台市守也商务咨询有限公司
433,青岛大维宏远贸易有限公司
434,包头市鼓胖乐器有限公司
435,壹洋航运（上海）有限公司
436,西昌市光峰锐汽车销售服务有限公司
437,烟台晨立财务咨询有限公司
438,深圳深森口腔门诊部
439,绍兴市添翼贸易有限公司
440,内蒙古达瑞信息技术有限公司
441,无锡美集瑞国际贸易有限公司
442,重庆市开州区新薇薇新娘婚纱店
443,库尔勒腾蛟商贸有限责任公司
444,北京恩倜电子技术有限公司
445,乐山市市中区精华视界眼镜至乐路店
446,北京天竹鸟食品添加剂有限公司
447,惠州丰年兆科技有限公司
448,济南钧昊餐饮管理有限公司
449,广州粤港澳国际航运有限公司
450,重庆市黔江区酉德合药房
451,赣州市南康区锦麟家具有限公司
452,唐山市古冶区明拓商贸有限公司
453,佛山市禅城区华馨宾馆
454,浙江东阳农村商业银行股份有限公司城东支行东南郊分理处
455,呼和浩特市易促商贸有限责任公司
456,乌鲁木齐思腾照明工程有限公司
457,成都泡泡云科技有限公司
458,温州晖映文化传媒有限公司
459,黑龙江松坤农业科技研发有限公司
460,深圳市商贾信息咨询有限公司
461,上海苏远商业设备有限公司
462,深圳市亿辉佳源科技有限公司
463,西安铭瑞机电化工有限公司
464,乐山金锟科技有限公司
465,风思智能科技（苏州）有限公司
466,成都卓凯科技发展有限公司
467,台州市隆鑫智能网络工程有限公司
468,深圳市智慧万物科技有限公司
469,深圳市研能科技有限公司
470,西安沣东新城埃安汽车销售服务有限公司
471,柏锐安程（沈阳）车辆维修服务有限公司
472,北京现化信息技术有限公司
473,招远市桥梁建筑工程有限公司
474,上海睿斯科环保技术有限公司
475,中山市盈顺液化石油气有限公司
476,永嘉汀榕交通安全设施有限公司
477,扬州市甘泉塑料制品厂
478,上海佳乐姿商贸有限公司
479,山东齐鲁城市建设管理有限公司日照分公司
480,台州市长明建材有限公司
481,上海贺顷信息技术有限公司
482,上海吉丰货运代理有限公司
483,宣城市永兴活性炭有限责任公司
484,盐城市红旗置业有限公司
485,中山市华戈魅力贸易有限公司
486,海南惠达众家具有限公司
487,洛阳安卓工程勘察设计有限公司
488,富锦市东方无缝气瓶检验有限公司
489,淄博浩源工贸有限公司
490,惠州尚永科技有限公司
491,北京楷模伟业家居用品连锁有限公司
492,嘉兴嘉橙商贸有限公司
493,南京青友科技有限公司
494,义乌奔速国际货运代理有限公司
495,沈阳沈新机械制造有限公司
496,大美元航智能装备（广东）有限公司
497,四川疆域情科技有限公司
498,中免集团徐州观音机场免税品有限公司淮安分公司
499,上海展翼出国留学服务有限公司
500,重庆兴亚物资贸易有限公司
501,厦门市永途建设工程有限公司
502,绍兴灿虹纺织品有限公司
503,上海萨法尔润滑剂有限公司
504,南京丸嘛噜咿咨询管理有限公司
505,泰州市润鑫铸造有限公司
506,今日宝典（北京）科技有限公司
507,周口市铭源新能源科技有限公司
508,潍坊顺和堂医药连锁有限公司滨河店
509,天津市金泉不锈钢有限公司
510,北京宏源聚隆工程机械设备租赁有限公司
511,徐州馨悦餐饮有限公司
512,北京水艺科技有限公司
513,浙江伊宝馨生物科技股份有限公司
514,广州六键游戏科技有限公司
515,青岛广汇元网络科技有限公司
516,北京聚森源科技有限公司
517,新兴县雄诚汽车维修有限公司
518,天津萝曼国际贸易有限公司
519,宜宾光旺商贸有限公司
520,天等县明合兴意药店
521,惠州市圣天然贸易有限公司
522,贵州同古药业有限公司
523,北京联嘉捷汽车租赁有限公司
524,广州市悟优商贸有限公司
525,原平市振华机械制造有限公司
526,浏阳市潇云商贸有限公司
527,广州宝阳食品包装有限公司
528,云南建水农村商业银行股份有限公司甸尾支行
529,杭州衣赢衣胜服饰有限公司
530,苏州银诺铝加工技术服务有限公司
531,汕头市欧达芬服饰有限公司
532,上海优耐特斯压缩机有限公司山东分公司
533,湖南拓源环境工程有限公司
534,厦门御榕养生科技有限公司
535,磐石陈绍珍西医外科诊所
536,河北华佗药房医药连锁有限公司张家口林园南街店
537,四川川西源农业科技有限公司
538,广州市星健星穗房地产有限公司
539,湖北瑜兴能源技术有限公司
540,广州泽润生物科技有限公司
541,成都宾河时代娱乐有限公司
542,深圳骏业云谷湾区投资有限公司
543,潮州市双品陶瓷有限公司
544,孔雀表业（集团）有限公司
545,上海馨容住房租赁运营有限公司
546,北京华聚远航企业管理咨询有限公司重庆二分公司
547,广西立信晟源科技产业有限公司
548,厦门康洋实业有限公司
549,河南花生数字科技有限公司
550,嘉泰行（珠海横琴）营销策划有限公司
551,尚彤广告（嘉兴）有限公司
552,北京硕果多农业科技有限公司
553,青岛天嘉百骏汽车服务有限公司
554,江苏和成显示科技有限公司
555,成都睿晟嘉好劳务有限公司
556,四海科仪（北京）技术有限公司
557,山西乐播时代文化传媒有限公司
558,高邮兰海设备安装有限公司
559,长安责任保险股份有限公司长兴支公司
560,北京灵莲斋珠宝有限公司
561,宜宾鸿乔投资有限公司
562,中核武汉核电运行技术股份有限公司福建分公司
563,韶关市乳源侯公渡大参林药店
564,成都市大邑县拼合科技培训学校有限公司
565,安徽馨名十方科技有限公司
566,北京富吉通国际网球俱乐部有限公司
567,象山县测绘与地理信息有限公司
568,成都精仪电子科技有限公司
569,南京地朴建筑设计有限公司
570,北海市海城区百家康大药房
571,福建鑫利福贸易有限公司
572,绿源辰兴生态科技有限公司
573,重庆海弘康科技有限公司
574,浠水众康养猪专业合作社
575,沙二代（福州）品牌管理有限公司
576,上海存君汽车租赁服务有限公司
577,嘉铖视欣（北京）医疗科技有限公司
578,苏试宜特（深圳）检测技术有限公司宝安分公司
579,贵州创智互联信息技术有限公司
580,安徽周冠建筑有限公司
581,广西大参林连锁药店有限公司贵港东津分店
582,河南卓一大药房有限公司荥阳崔庙店
583,中山市灌森新材料有限公司
584,重庆润福建筑劳务有限公司
585,梅州市胜隆生态农业有限公司
586,智选教育科技（上海）有限公司
587,天津市正康商贸服务有限公司
588,武汉市富贵竹信息科技有限公司
589,成都冠正纺织有限公司
590,合肥捷派电子科技有限公司
591,北京好运宝科技有限公司
592,中山市康普特电子科技有限公司
593,青岛葛厨二宝商贸有限公司
594,海南金塔华美联合美容有限公司
595,天津莫凡装饰工程有限公司
596,耐斯耐传动技术（佛山）有限公司
597,湘潭万利隆餐饮有限公司包子铺杉山店
598,惠州市得善木业有限公司
599,河北佳宏建筑劳务分包有限公司
600,甘肃金果果教育科技有限责任公司
601,电白县安宝食品厂
602,桐庐强盛医疗器械有限公司
603,盛鲲劳务服务咨询（营口）有限责任公司
604,广州市万顺皮具有限公司
605,海南琼味久久实业有限公司
606,资阳市雁江区理柯前线培训学校有限公司
607,保山东林富强人力资源服务有限责任公司
608,四川深莘全瑞科技有限公司
609,佛山市禅宝饮料厂有限公司南海分公司
610,山东鑫雷龙商贸有限公司
611,武汉市盛四牡丹花卉植物有限公司
612,广东天益航空服务有限公司
613,太和县航兴中药材种植有限公司
614,杭州宏硕农产品有限公司
615,惠州市居佳房地产顾问有限公司
616,深圳市兴隆鑫科技有限公司
617,北京嘉信天和科技发展中心
618,新兴县至达建筑有限公司
619,国茂减速机集团有限公司
620,江门市富丽雅印刷实业有限公司
621,湖南国天电气技术有限公司
622,山东华宸物业管理有限公司
623,黎川县孔斌农药经营部
624,广州杰美服装有限公司
625,阜阳市一露网络科技有限公司
626,浙江宇庆环境科技有限公司
627,陕西鑫广鹏城岩土工程有限公司
628,中国石化销售股份有限公司福建石油分公司
629,福州市日志环保科技有限公司
630,广州前程精密钣金有限公司
631,杭州杭辰客运有限公司
632,陈巴尔虎旗宏达企业财务服务有限公司
633,上海淄洲建材有限公司
634,杭州小造科技有限公司
635,江门银动信息咨询服务有限公司
636,中山市星鸿建筑工程有限公司
637,潍坊市水利工程建设监理中心有限公司
638,无锡大西洋焊接材料有限公司
639,四川赛服安科技有限公司
640,佛山市南海里水祥悦电脑刺绣厂
641,深圳市扩展企业管理有限公司
642,重庆衡生医药连锁有限责任公司衡生大药房南川区金华丽苑连锁店
643,大连翼鹏商贸有限公司
644,极影电子（北京）有限公司
645,北京护国寺宾馆有限公司
646,建瓯市延生药店
647,杭州博谦企业管理咨询有限公司古墩路分公司
648,泉州市恒家乐物业管理有限公司
649,合肥凡森电力设备有限公司
650,河北思齐商贸有限公司
651,北京恒荣汇彬保险代理股份有限公司滕州恒荣汇彬营业部
652,珠海市万营达通讯设备有限公司
653,上海凯迪国际物流有限公司
654,南通双祥置业有限公司
655,湖北龙诚安富建设有限公司
656,浙江华鼎纺织科技有限公司
657,平邑力泰建材经营部
658,东莞市永全益科技发展有限公司
659,苍南云轩汽车用品有限公司
660,沈阳恒通伟业电子科技有限公司
661,靖江市乐途光电科技有限公司
662,湛江市大海湾物业管理有限公司
663,天津市摩天伟业商贸有限公司
664,中山市业兴服务管理有限公司
665,贵阳安凯体育用品贸易有限公司
666,成都瀚智优盛文化传播有限公司
667,河北金马世纪影视传媒有限公司
668,无锡市美点餐饮管理有限公司文军分公司
669,常州市武进化工供销有限公司
670,成都伯麟佰楹网络科技有限公司
671,广州市豪汉建筑工程有限公司
672,湖北兆濛建筑工程有限公司
673,诸暨好飞工具有限公司
674,新疆锐志虹宇信息科技有限责任公司
675,陕西西北有色铅锌集团有限公司
676,长兴林城妤汐五金店
677,通辽市昌奈商贸有限公司
678,广州市明旭生物科技有限公司
679,沈阳航伴科技有限公司
680,粤强新艺纺织品（汕头市）有限公司
681,云南利维泰丰煤业有限公司
682,中山市瑞达智能科技有限公司
683,苏州绿岛环保设备制造有限公司
684,佛山市康明金属制品有限公司
685,烟台翊昇物流运输服务有限公司
686,横州市爱雅医疗管理有限公司
687,广安绿源低碳置业有限公司
688,广州奔炫汽车用品有限公司
689,中国石油天然气股份有限公司河北唐山销售分公司第一百三十加油站
690,上海辰洁洗涤服务有限公司
691,翁源县鸿华牧业有限公司
692,北京绿源海悦科技有限公司
693,四川缘起航人力资源有限公司
694,台州市宸建智创消防设备有限公司
695,湖州胜松钢结构工程有限公司
696,北京航互数据科技有限公司
697,佛山市精邦智能化设备有限公司
698,青岛艾尔特信息技术服务有限公司
699,伊犁伊力特乳业有限责任公司
700,深圳市宝兴金属材料有限公司
701,福州金盾防水工程有限公司
702,莱芜市金辰天通油气燃料有限公司
703,甘肃君瀚信息科技有限公司
704,深圳市迈客维尔科技有限公司
705,诸暨喜德龙机电有限公司
706,深圳柏利恒贸易有限公司
707,珠海市铭森贸易有限公司
708,深圳市鑫宏烨科技有限公司
709,台州万集电子商务有限公司
710,济南长清神农医药连锁有限公司双泉二店
711,西双版纳正字号茶业有限公司
712,上海中肃救援安全设备有限公司
713,台州市精德机电科技有限公司
714,北京住总集团有限责任公司海外建设工程部
715,四川好茹劳务有限公司
716,厦门联德源供应链管理有限公司
717,鼎都装饰工程南通有限公司
718,海宁市鑫科陶塑轴承厂
719,龙里县佰姓康好大药房
720,河南希纳实业有限公司
721,景洪乐健健身俱乐部
722,乐清市赛力嘉科技有限公司
723,广州市露凝贸易有限公司
724,黑龙江华泰中昊风电投资有限公司
725,四川省百千百商贸有限公司
726,上海厚尚建设工程设计有限公司
727,广西象州县益帆惠民超市有限公司
728,夏邑县企航门窗厂
729,广汉市尊皇餐饮服务有限公司
730,江口县星宇互联网上网部
731,合肥安若儿商贸有限公司
732,仪陇县友好车业有限公司化马销售部
733,广州市三五易道智投文化研究有限公司
734,南京英吉斯生物科技有限公司
735,竹溪县久合商贸有限公司
736,和顺县振国建筑队
737,永嘉县宏泰拉链有限公司
738,四川省汇宏建筑劳务有限公司简阳分公司
739,重庆精捷家装饰工程有限公司
740,河南卓瀚通信技术有限公司
741,青岛汇通快捷国际物流有限公司
742,新疆益鑫通信息基础设施建设投资有限公司
743,中山市宝纳泽灯饰照明有限公司
744,上海泛亚航运有限公司
745,海宁市慨慨工贸有限公司
746,吴江市兴隆鞋业有限公司
747,海口鑫乐达家私有限公司
748,咸阳饮食服务（集团）有限公司
749,桐柏县乾海花木专业合作社
750,四川吉祥房地产土地资产评估有限公司
751,广州巨马国际贸易有限公司
752,重庆市永川区玉祥商贸有限公司
753,西安勋元工程技术服务有限公司
754,深圳赢嘉科技有限公司
755,绵阳幸福山湾集团有限公司
756,白城市水利勘测设计院
757,杭州卓梵电子商务有限公司
758,山东好欣工业设计有限公司
759,河北合顺佳供应链管理有限公司
760,广州市终端商贸有限公司
761,泉州久泽通机电工程有限公司
762,沈阳信之峰科技有限公司
763,龙陵县龙腾物业管理有限公司
764,宁波韵升文化传播有限公司
765,武汉市万通拆迁有限责任公司
766,中升（天津）保险销售有限公司安徽分公司
767,太仓恒正工程检测有限公司
768,北京和丰创意文化传媒有限公司
769,中山市倍洁环境清洁服务有限公司
770,立中融资租赁（上海）有限公司
771,福州德行天下旅游汽车有限公司
772,南京小龙人装饰工程有限公司
773,品优贸易（厦门）有限公司
774,福州美元素医疗科技有限公司
775,张家口晋垣殡葬服务有限公司
776,重庆市箴言实业有限公司
777,佛山市皇姝美容有限公司
778,重庆鼎贵水产养殖场
779,张家界滕辉建筑劳务工程有限责任公司
780,湖南丹妮斯文化传媒有限公司
781,海宁市佳盛氨纶厂一分厂（普通合伙）
782,琼海金沙湾房地产顾问有限公司
783,河南克洛斯供应链管理有限公司
784,宁波学辰文化传媒有限公司
785,丹东中御万象矿业有限公司
786,苏州凯米瑞商贸有限公司
787,四平市华盛人力资源服务有限公司
788,本溪市玛铁厂
789,安龙县六香轩餐饮服务有限责任公司
790,台州市恒基机械有限公司
791,华商集团有限公司
792,南通万家连环境科技有限公司
793,汝城县文明旭发种养殖专业合作社
794,沧州渤海新区万泰机械设备有限公司
795,南通圆方光学科技有限公司
796,卫辉艾德医院
797,杭州瑞速贸易有限公司
798,广元亚辉医疗器械有限公司
799,大石桥市佳品耐火材料有限公司
800,广安市四海友诚商贸有限责任公司
801,佛山市志派网络科技有限公司
802,湖南名萃置业有限公司
803,乌鲁木齐众路博鑫贸易有限公司
804,北京永昌兴业商贸有限公司
805,厦门盛德华泰电动汽车服务有限公司
806,深圳市智来教育科技有限公司
807,洛阳房联行网络科技有限公司升龙广场分公司
808,太仓市欣锦轩贸易有限公司
809,广东尚辰供应链管理有限公司
810,湖南易博云天信息科技有限公司
811,上海督承精工机械有限公司
812,厦门市好像见过电子商务有限公司
813,苏州石顺利新材料有限公司
814,绍兴市越城区体育中心产业发展有限公司
815,南通歆孖弢电子商务有限公司
816,黑龙江立升水处理设备有限公司
817,南京竹里茶烟茶文化有限公司
818,江苏弘润包装制品有限责任公司
819,无锡甲米文化传媒有限公司
820,深圳市普高科技有限公司
821,惠州市祺好房地产经纪有限公司
822,玉林凯龙运输有限公司
823,绍兴市上虞区高锋风机制造有限公司
824,苏州自由木业有限公司
825,公安县天天超市有限公司
826,广州驿路顺通供应链管理有限公司
827,乌鲁木齐市食尚游旅游管理有限公司
828,中冶长天置业有限公司
829,海西德昌盛劳务派遣有限公司
830,扬州市维扬区利荣包装厂
831,厦门市瑞蚨达进出口有限公司
832,绵阳欣程兴物流运输有限公司
833,珠海奇可教育咨询有限公司
834,邢台文竹人力资源有限公司
835,龙岩市兑图网络科技有限公司
836,深圳玉禾田智慧城市运营集团有限公司桂林分公司
837,杭州齐光服饰有限公司
838,福州德力联贸易有限公司
839,沂南县玖拍艺术培训学校有限公司
840,宁波云帆金属制品有限公司
841,北京爱普锐晟科技有限公司
842,温州时代新名剪形象顾问管理股份有限公司
843,东莞市小龙虾电子科技有限公司
844,济南东靓商贸有限公司
845,中山市金澄游乐设备有限公司
846,重庆万众名都游乐园有限公司
847,南京中纳环境科技有限公司
848,北京知行中创科技发展有限公司
849,陇西县润通物业管理有限公司
850,启东皓驰汽车销售有限公司
851,宁波天控信息科技有限公司
852,广州亨皇商贸有限公司
853,东莞市鑫铭机械科技有限公司
854,陕西宇旺劳务有限公司
855,北京融泰文瑞科技有限公司
856,珠海市泰鼎投资有限公司
857,吉林卓创新材料有限公司
858,通海县中外汽修有限公司
859,北京九天新锐科技有限公司
860,福州市益丰食品厂
861,深圳市亦玉亦良电子商务有限公司
862,无锡市华多机械制造有限公司
863,江苏国康生物科技有限公司
864,东莞市川博五金饰品有限公司
865,成都永健渔业有限公司
866,北京快乐东西科技有限公司
867,北京欧通留学咨询服务有限公司
868,江西宇晟工程管理有限公司
869,江苏同诚泉生物科技有限公司
870,长沙谷雨信息科技有限公司常德分公司
871,北京泰迪云智信息技术研究院有限公司
872,成都简单信息技术有限公司
873,南通迈程汽车技术有限公司
874,大连玖品装饰设计工程有限公司
875,吴江春欣铜业有限公司
876,芜湖八公叔叔网络科技有限公司
877,中国人民财产保险股份有限公司昭平支公司
878,成都继依嘉商贸有限公司
879,广西汇丰劳务服务有限公司扶绥分公司
880,梅州市极米网络科技有限公司
881,河南星达电子科技有限公司
882,深圳市朝鸿要领电子有限公司
883,湛江市洪鑫建设发展有限公司
884,上海穆祥斋食品有限公司
885,广州市骏康药房有限公司
886,洛阳欣隆工程检测有限公司
887,朔州市平朔木瓜界铁路投资管理有限公司
888,杭州哲炜建材有限公司
889,北京麦克思杰自动化技术有限公司
890,双鹏（唐山）科技有限公司
891,杭州本鸿网络科技有限公司
892,大连运城制版有限公司沈阳分公司
893,广东水投建设有限公司
894,深圳市嘉普达科技有限公司
895,宁波鄞州创宇时代广告有限公司
896,慈溪市景兰建筑装饰工程有限公司
897,天津市艾德文机电技术有限公司
898,广东万阳科技有限公司
899,万印资讯科技（厦门）有限公司
900,金华市万晟光伏设备安装有限公司
901,梅州市全日通快递有限公司兴宁分公司
902,横山县飞飞网吧
903,上海邮佰贸易有限公司
904,龙岩市新金宏电子有限公司
905,唐山博瑜建筑工程有限公司
906,福建省凯磊石材贸易有限公司
907,淄博锐源工程管理咨询有限公司
908,安徽泽普项目管理咨询有限公司黄山分公司
909,中硐建设集团有限公司郑州分公司
910,新疆天雪龙化工有限公司
911,南京东轩宜人建筑装饰工程有限公司
912,湖北快舟工贸有限公司
913,无锡荣泉房地产营销策划有限公司
914,深圳市上熠电子商务有限公司
915,厦门程源财务管理有限公司
916,山东银科物业管理有限公司
917,东莞市德川包装材料有限公司
918,武汉卓越康成营销策划有限公司
919,上海敬桑国际贸易有限公司
920,西安盛泰照明设备安装工程有限公司
921,佛山市蒙捷餐饮有限公司
922,天津同硕城市建设发展有限公司
923,中国石化销售股份有限公司山东青岛即墨第六二零加油站
924,重庆崇友智能科技有限公司
925,苏州鑫旺达网络发展有限公司
926,泾川县天通职业培训学校
927,德州那东农产品销售有限公司
928,北京市鑫泰恒盛建设工程有限公司
929,深圳市万顺国际货运代理有限公司
930,货挑挑供应链（宁波）有限公司
931,广东浚锋智能科技有限公司
932,项城市朗来工贸有限公司
933,长沙农建科技有限公司
934,杭州信豫机械设备租赁有限公司
935,成都元康家政服务有限责任公司
936,淄博良东商贸有限公司
937,西安九中金健康产业管理有限公司
938,成都炫舌餐饮有限公司
939,北京爱丽丝音乐港湾文化艺术交流中心
940,中国人寿财产保险股份有限公司蒲县支公司
941,北京六零八厂有限责任公司
942,湖南润珑商业发展有限公司
943,常熟市锦诚化工贸易有限公司
944,中国邮政集团公司拉萨市团结新村报刊亭
945,宁津卫国生态园养殖专业合作社
946,盐城吉鹏机械有限公司
947,陕西鼎润检验检测服务有限公司
948,广东财大继续教育咨询有限公司
949,大蜂创业园管理（杭州）有限公司
950,平顶山市豫晟新能源有限公司
951,玉环帅丰科技电子有限公司
952,北京四通电工新技术有限公司
953,潍坊伟力物流有限公司
954,成都工投金汇建设发展有限公司
955,天津中清能源环保科技有限公司
956,淮安市珺翔织造有限公司
957,曹县豪博木业有限公司
958,运城市新希望文教用品有限公司
959,四川省老邻居商贸连锁有限责任公司马觉寺路店
960,北京中公教育科技有限公司蚌埠分公司
961,凌犀工业互联网（深圳）有限公司
962,陕西鼎裕控股集团有限公司
963,深圳市华新电器开发有限公司
964,大连保税区盛洋石化有限公司
965,武汉恒华晟辉建设工程有限公司
966,唐山新美商贸有限公司
967,北京美艺天蓝文化艺术有限公司
968,长兴成康商贸有限公司
969,甘肃锐杰信息科技有限公司
970,山东元兴市政建设工程有限公司
971,四川恒升天洁环境管理有限公司天全县分公司
972,广州睿智医疗器械有限公司
973,宁波帝爵家居有限公司
974,广州星魅贸易有限公司
975,湖北图新材料科技有限公司
976,秒达（北京）文化传媒有限公司
977,成都市唯阖品商贸经营部
978,厦门金周苑土石方工程有限公司
979,东海县同福大药房有限公司
980,浙江进欣优工贸有限公司
981,成都云之畅游戏科技有限公司
982,重庆客乐得房车俱乐部有限公司
983,云阳县金邦得彩粒漆经营部
984,杭州百锦环保科技有限公司
985,升新高科技（南京）有限公司上海分公司
986,乳山市宇丰家庭农场
987,杭州纪跃广告策划有限公司
988,重庆凤琼医药科技有限公司
989,揭阳市双盈五金实业有限公司
990,中国工商银行股份有限公司尤溪支行
991,东莞牵马智能装备有限公司
992,辽阳禹辰物流有限公司
993,青岛德升利包装制品有限公司
994,江苏君良石业有限公司
995,武汉易微云科技有限公司丹江口分公司
996,余姚市银创塑料电器厂（普通合伙）
997,天津金大桥建设工程有限公司
998,上海鱼仙人网络科技有限公司
999,攀枝花市攀明电力公司
1000,深圳市锐丽创科技有限公司
